{"cameraMode":{"drawMode":0,"name":"Shaded","section":"Shading Mode"},"sceneLighting":false,"audioPlay":false,"sceneViewState":{"m_AlwaysRefresh":false,"showFog":true,"showSkybox":false,"showFlares":true,"showImageEffects":true,"showParticleSystems":true,"showVisualEffectGraphs":true,"m_FxEnabled":false},"in2DMode":false,"pivot":{"x":6.580237865447998,"y":10.728297233581543,"z":-2.537926197052002},"rotation":{"x":0.038709819316864017,"y":0.9583969712257385,"z":-0.17944364249706269,"w":0.22348558902740479},"size":10.499659538269043,"orthographic":false}