{"cameraMode":{"drawMode":0,"name":"Shaded","section":"Shading Mode"},"sceneLighting":true,"audioPlay":false,"sceneViewState":{"m_AlwaysRefresh":false,"showFog":true,"showSkybox":true,"showFlares":true,"showImageEffects":true,"showParticleSystems":true,"showVisualEffectGraphs":true,"m_FxEnabled":true},"in2DMode":false,"pivot":{"x":14.875645637512207,"y":5.903986930847168,"z":-42.680294036865237},"rotation":{"x":0.01115143671631813,"y":-0.9675784111022949,"z":0.24893328547477723,"w":0.043700601905584338},"size":1.8211864233016968,"orthographic":false}