{"cameraMode":{"drawMode":0,"name":"Shaded","section":"Shading Mode"},"sceneLighting":false,"audioPlay":false,"sceneViewState":{"m_AlwaysRefresh":false,"showFog":true,"showSkybox":true,"showFlares":true,"showImageEffects":true,"showParticleSystems":true,"showVisualEffectGraphs":true,"m_FxEnabled":false},"in2DMode":false,"pivot":{"x":1.655914068222046,"y":12.757867813110352,"z":-14.311445236206055},"rotation":{"x":-0.012919493950903416,"y":0.9023811221122742,"z":-0.43291258811950686,"w":-0.01871149055659771},"size":25.511083602905275,"orthographic":false}