{"cameraMode":{"drawMode":0,"name":"Shaded","section":"Shading Mode"},"sceneLighting":true,"audioPlay":false,"sceneViewState":{"m_AlwaysRefresh":false,"showFog":true,"showSkybox":true,"showFlares":true,"showImageEffects":true,"showParticleSystems":true,"showVisualEffectGraphs":true,"m_FxEnabled":true},"in2DMode":false,"pivot":{"x":15.163138389587403,"y":1.6221994161605836,"z":-41.810997009277347},"rotation":{"x":-0.008413250558078289,"y":-0.9902843236923218,"z":0.12062252312898636,"w":-0.06904364377260208},"size":4.985400676727295,"orthographic":false}