{"cameraMode":{"drawMode":0,"name":"Shaded","section":"Shading Mode"},"sceneLighting":true,"audioPlay":false,"sceneViewState":{"m_AlwaysRefresh":false,"showFog":true,"showSkybox":true,"showFlares":true,"showImageEffects":true,"showParticleSystems":true,"showVisualEffectGraphs":true,"m_FxEnabled":true},"in2DMode":false,"pivot":{"x":13.761877059936524,"y":6.848916053771973,"z":-31.282541275024415},"rotation":{"x":-0.10279630869626999,"y":-0.8942122459411621,"z":0.26665276288986208,"w":-0.34466245770454409},"size":6.310063362121582,"orthographic":false}