{"cameraMode":{"drawMode":0,"name":"Shaded","section":"Shading Mode"},"sceneLighting":true,"audioPlay":false,"sceneViewState":{"m_AlwaysRefresh":false,"showFog":true,"showSkybox":true,"showFlares":true,"showImageEffects":true,"showParticleSystems":true,"showVisualEffectGraphs":true,"m_FxEnabled":true},"in2DMode":false,"pivot":{"x":-0.840106725692749,"y":-6.712423324584961,"z":-0.18677997589111329},"rotation":{"x":0.2011662721633911,"y":0.12741908431053163,"z":-0.026400737464427949,"w":0.9708775281906128},"size":20.871980667114259,"orthographic":false}